,precision,recall,f1-score,support
High,1.0,0.5,0.6666666666666666,2.0
Low,0.9937888198757764,0.97442143727162,0.984009840098401,821.0
Medium,0.9793233082706767,0.9952244508118434,0.9872098531501659,1047.0
accuracy,0.9855614973262032,0.9855614973262032,0.9855614973262032,0.9855614973262032
macro avg,0.9910373760488177,0.8232152960278212,0.8792954533050779,1870.0
weighted avg,0.9856963234638562,0.9855614973262032,0.9854621006964408,1870.0
